"","train","test"
"simpler",187.375450583819,704.241543828673
"simple",159.336928589587,785.985514007564
"one",157.462882888815,602.995005319486
"two",147.9027207351,735.997216284832
"three",146.251506641514,588.038740796202
